nm_pol,murder,rape,gangrape,robbery,theft,assualt murders,sexual harassement,totarea,totalcrime,long,lat,crime/area,area
Afzal Gunj Bridge - bus terminus,3,3,0,10,65,13,28,25164,122,78.477027,17.375809,4.85,2.52
Malakpet - freight yard lane,1,1,3,18,121,12,5,7020,161,78.501882,17.373174,22.93,0.7
Ameerpet - bus terminus,1,3,0,13,171,10,15,24739,213,78.440284,17.433592,8.61,2.47
Uppal - old city backroad,0,1,1,61,283,5,32,11629,383,78.552048,17.397881,32.93,1.16
Vanasthalipuram - flyover underpass,2,7,0,20,147,11,8,16484,195,78.557355,17.351362,11.83,1.65
Vanasthalipuram - railway station outside,4,1,1,13,209,27,8,12798,263,78.552361,17.344023,20.55,1.28
Vanasthalipuram - auto stand,1,5,0,39,130,21,4,10966,200,78.554226,17.353575,18.24,1.1
Bachupally - bus stop corner,2,0,0,17,29,16,19,21493,83,78.396465,17.53379,3.86,2.15
Dilsukhnagar - bus terminus,2,7,1,18,78,10,12,24159,128,78.525265,17.371897,5.3,2.42
Shamshabad - dead end,1,1,0,14,43,2,5,5899,66,78.383215,17.268266,11.19,0.59
Adibatla - bus stop corner,1,0,0,11,49,14,5,21309,80,78.535663,17.238168,3.75,2.13
Banjara Hills - parking lot,1,6,0,20,227,16,13,21637,283,78.436183,17.413959,13.08,2.16
Tukkuguda - back lane,1,1,1,15,21,6,6,10992,51,78.548573,17.21521,4.64,1.1
Malakpet - old city backroad,3,0,3,59,138,27,18,11132,248,78.498774,17.373568,22.28,1.11
Uppal - bus terminus,4,2,2,58,288,29,25,27365,408,78.547639,17.398645,14.91,2.74
ORR Gachibowli Gate - bus stop corner,0,4,1,8,125,16,19,19323,173,78.345936,17.432111,8.95,1.93
Begum Bazar - parking lot,2,4,1,11,57,22,26,24229,123,78.468895,17.380587,5.08,2.42
Banjara Hills - service road junction,1,2,0,9,62,2,4,8717,80,78.449474,17.417136,9.18,0.87
ORR Ghatkesar - dead end,0,0,1,11,44,6,2,5625,64,78.685679,17.4223,11.38,0.56
Medchal - isolated alley,0,2,0,7,62,6,8,5816,85,78.476331,17.62932,14.61,0.58
Begum Bazar - red light area,4,7,1,36,192,40,24,12368,304,78.466457,17.381309,24.58,1.24
Ibrahimpatnam - dead end,1,0,1,12,75,3,7,23033,99,78.63978,17.256909,4.3,2.3
Gachibowli - garbage dump,3,2,0,3,147,22,21,8276,198,78.34928,17.445435,23.92,0.83
Boduppal - night market road,3,5,0,41,141,8,4,8318,202,78.567409,17.421921,24.28,0.83
ORR Kompally - flyover approach,2,1,1,3,79,5,13,10111,104,78.451357,17.549208,10.29,1.01
Uppal - night market road,2,2,1,11,127,7,23,27188,173,78.552159,17.399697,6.36,2.72
Chandanagar - garbage dump,0,4,0,33,110,14,9,23799,170,78.333009,17.484838,7.14,2.38
ORR Kompally - back lane,0,0,0,11,60,8,10,23849,89,78.452351,17.549622,3.73,2.38
Erragadda - parking lot,3,1,0,41,65,11,4,26010,125,78.433028,17.451484,4.81,2.6
Koti - parking lot,2,4,1,18,107,7,24,22080,163,78.482889,17.395031,7.38,2.21
ORR Nanakramguda - flyover approach,1,1,1,4,128,12,9,21928,156,78.35342,17.413552,7.11,2.19
Hitech City - service road junction,0,2,1,10,18,7,7,24526,45,78.377486,17.443684,1.83,2.45
JNTU - flyover approach,1,2,1,27,143,16,2,21444,192,78.389303,17.492717,8.95,2.14
Uppal - old city backroad,0,0,2,20,266,13,35,7320,336,78.55908,17.402274,45.9,0.73
Boduppal - parking lot,0,1,0,8,201,14,28,22742,252,78.570011,17.425444,11.08,2.27
Kondapur - metro station exit,2,1,1,23,144,5,19,9335,195,78.358458,17.464016,20.89,0.93
Miyapur - parking lot,3,2,1,39,118,15,26,9524,204,78.357374,17.489627,21.42,0.95
Lad Bazar - slum entrance,3,1,0,24,77,18,33,27285,156,78.474738,17.361492,5.72,2.73
Charminar - red light area,1,1,0,28,305,38,29,23404,402,78.471175,17.36094,17.18,2.34
Kukatpally - public toilet area,1,0,1,18,231,10,25,29242,286,78.399709,17.493764,9.78,2.92
Kondapur - parking lot,1,4,0,3,48,23,4,12501,83,78.358682,17.466907,6.64,1.25
Patancheru - market road,0,0,0,4,146,11,2,22743,163,78.261735,17.52764,7.17,2.27
Manikonda - railway station outside,3,2,2,38,53,16,40,26725,154,78.386091,17.397724,5.76,2.67
Kothaguda - market road,1,4,1,15,160,7,13,28031,201,78.366185,17.464907,7.17,2.8
MJ Market - railway station outside,3,7,1,45,142,28,22,15524,248,78.473241,17.384938,15.98,1.55
Narsingi - flyover approach,2,1,1,27,63,12,4,14299,110,78.344225,17.385697,7.69,1.43
Isnapur - market road,2,3,1,30,133,14,13,29507,196,78.230389,17.547828,6.64,2.95
Abids - bridge underpass,3,4,0,32,346,9,7,18883,401,78.472946,17.393362,21.24,1.89
Siddipet Town - auto stand,3,1,0,30,109,22,13,19718,178,78.843415,18.112754,9.03,1.97
ORR Gachibowli Gate - dead end,0,0,0,15,70,1,1,18009,87,78.34389,17.431657,4.83,1.8
Meerpet - slum entrance,2,7,0,10,153,4,25,16637,201,78.515276,17.341813,12.08,1.66
Meerpet - parking lot,2,5,0,5,72,18,7,28489,109,78.521344,17.330906,3.83,2.85
GVK One Back Lane - metro station exit,2,2,0,16,133,5,13,8255,171,78.445971,17.415952,20.71,0.83
Hitech City - parking lot,1,5,1,6,88,4,28,15336,133,78.376366,17.450117,8.67,1.53
Ibrahimpatnam - garbage dump,1,0,0,12,44,23,14,6203,94,78.638217,17.256703,15.15,0.62
Raidurg - market road,1,4,1,19,22,10,8,7805,65,78.378751,17.4224,8.33,0.78
Medchal - auto stand,3,0,1,23,207,23,25,10373,282,78.484298,17.632796,27.19,1.04
SR Nagar - auto stand,3,0,1,26,203,10,17,25007,260,78.446946,17.446266,10.4,2.5
ORR Tukkuguda - auto stand,3,5,0,43,177,14,24,20031,266,78.497895,17.262816,13.28,2.0
Erragadda - flyover approach,1,0,1,3,121,10,13,12725,149,78.435322,17.450423,11.71,1.27
Miyapur - railway station outside,3,2,0,17,300,16,25,23041,363,78.36146,17.48896,15.75,2.3
Balanagar - red light area,1,1,1,11,331,34,46,23011,425,78.449037,17.465293,18.47,2.3
ORR Tukkuguda - public toilet area,1,0,1,42,91,13,26,7075,174,78.495649,17.263995,24.59,0.71
Hitech City - night market road,0,5,1,44,117,6,12,19246,185,78.381012,17.443407,9.61,1.92
Lad Bazar - narrow gully,2,7,2,12,84,6,23,18046,136,78.47153,17.361385,7.54,1.8
ORR Patancheru - market road,1,3,1,28,102,11,9,23453,155,78.293514,17.510556,6.61,2.35
Jubilee Hills - flyover approach,2,1,1,3,52,10,20,15878,89,78.397867,17.431569,5.61,1.59
Rathifile - public toilet area,2,6,0,37,131,9,16,11941,201,78.504093,17.4337,16.83,1.19
Rathifile - public toilet area,2,5,1,32,154,13,21,5081,228,78.498853,17.433549,44.87,0.51
Lad Bazar - railway station outside,2,8,0,11,142,29,12,12757,204,78.473407,17.358922,15.99,1.28
Sangareddy - bus stop corner,0,0,1,14,153,3,2,15190,173,78.087309,17.624088,11.39,1.52
Lotus Pond - garbage dump,2,2,0,33,47,5,29,7797,118,78.41103,17.417416,15.13,0.78
Shadnagar - metro station exit,2,2,1,14,27,15,7,11357,68,78.198153,17.084652,5.99,1.14
KBR Park - back lane,1,2,0,1,71,7,7,27482,89,78.409491,17.420677,3.24,2.75
Rathifile - public toilet area,3,1,1,43,136,15,17,7474,216,78.501506,17.439704,28.9,0.75
Medchal - public toilet area,0,4,1,36,225,23,4,11221,293,78.483592,17.626462,26.11,1.12
ORR Rajiv Gandhi Int - flyover approach,2,2,1,8,67,10,13,15606,103,78.403882,17.328032,6.6,1.56
Balanagar - garbage dump,1,5,1,16,135,23,30,21795,211,78.444026,17.461238,9.68,2.18
Mehdipatnam - railway station outside,4,3,1,19,204,28,22,17473,281,78.437027,17.393751,16.08,1.75
Malakpet - night market road,1,5,1,34,135,20,18,6998,214,78.495498,17.378175,30.58,0.7
Meerpet - metro station exit,1,3,1,4,147,9,12,8889,177,78.516194,17.334722,19.91,0.89
KBR Park - metro station exit,0,2,0,4,52,6,20,22968,84,78.417598,17.423216,3.66,2.3
Gachibowli - parking lot,0,5,1,6,42,21,18,21477,93,78.349059,17.440874,4.33,2.15
Dilsukhnagar - garbage dump,0,6,1,22,56,9,19,12804,113,78.520576,17.362847,8.83,1.28
Ghatkesar - public toilet area,0,1,1,28,66,22,22,27308,140,78.688754,17.444933,5.13,2.73
Gachibowli - isolated alley,0,0,0,11,40,7,2,23667,60,78.355176,17.436618,2.54,2.37
Begumpet - parking lot,0,6,1,37,85,16,6,29116,151,78.467661,17.45149,5.19,2.91
Jubilee Hills - dead end,0,2,1,15,13,1,6,6838,38,78.408095,17.422307,5.56,0.68
Kokapet - isolated alley,1,1,0,1,52,3,5,10294,63,78.318238,17.394705,6.12,1.03
ORR Ghatkesar - isolated alley,1,0,0,4,79,5,9,20827,98,78.68546,17.423705,4.71,2.08
Ameerpet - bus terminus,1,5,0,8,301,24,11,22386,350,78.44634,17.434332,15.63,2.24
Manikonda - railway station outside,3,3,1,31,288,4,28,16014,358,78.383172,17.402426,22.36,1.6
ORR Ghatkesar - isolated alley,0,2,0,14,46,1,6,27734,69,78.685187,17.421163,2.49,2.77
Kukatpally - railway station outside,4,2,1,14,131,22,40,26607,214,78.386346,17.487378,8.04,2.66
ORR Rajiv Gandhi Int - night market road,0,2,0,37,232,6,7,20985,284,78.40354,17.326514,13.53,2.1
Jeedimetla - flyover approach,0,3,1,19,92,2,18,17286,135,78.468014,17.518359,7.81,1.73
Road No 36 - bus terminus,4,8,1,57,124,12,34,14671,240,78.40422,17.421458,16.36,1.47
GVK One Back Lane - market road,2,2,1,28,115,3,9,20449,160,78.450426,17.418369,7.82,2.04
Kompally - bus stop corner,2,1,1,24,49,14,13,23424,104,78.469209,17.530238,4.44,2.34
Kokapet - service road junction,1,0,0,7,14,8,4,11539,34,78.335524,17.390136,2.95,1.15
Banjara Hills - garbage dump,3,6,0,31,167,18,14,15893,239,78.441096,17.415634,15.04,1.59
Dilsukhnagar - garbage dump,1,2,1,42,92,17,14,24388,169,78.522709,17.373788,6.93,2.44
Ibrahimpatnam - parking lot,1,3,1,5,53,12,13,17077,88,78.637411,17.253141,5.15,1.71
Ghatkesar - public toilet area,1,6,0,41,96,13,26,7195,183,78.694677,17.444717,25.43,0.72
Isnapur - market road,1,4,1,26,134,16,4,17486,186,78.229069,17.543733,10.64,1.75
Sangareddy - flyover approach,2,1,0,12,143,13,18,15169,189,78.09213,17.622894,12.46,1.52
Hitech City - garbage dump,1,4,0,43,106,23,19,24954,196,78.377213,17.44352,7.85,2.5
Sangareddy - night market road,2,4,1,38,167,3,9,23920,224,78.09196,17.622198,9.36,2.39
Medchal - metro station exit,1,3,0,25,71,14,8,7167,122,78.483051,17.629747,17.02,0.72
Secunderabad - bridge underpass,4,9,2,54,56,23,31,17707,179,78.499265,17.440632,10.11,1.77
ORR Nanakramguda - dead end,0,2,0,4,68,2,9,26823,85,78.357178,17.412588,3.17,2.68
Jubilee Hills - metro station exit,2,3,0,25,56,8,6,7451,100,78.414056,17.422999,13.42,0.75
Trimulgherry - market road,0,3,0,10,145,10,12,24561,180,78.507684,17.477816,7.33,2.46
Miyapur - bus stop corner,1,0,0,28,57,9,15,7888,110,78.349023,17.489925,13.95,0.79
Sangareddy - flyover underpass,2,7,0,10,306,28,23,5736,376,78.095458,17.622171,65.55,0.57
Paradise Circle - public toilet area,3,0,1,41,152,21,15,22510,233,78.483555,17.444791,10.35,2.25
Madhapur - narrow gully,0,8,0,49,319,17,18,19719,411,78.393822,17.44874,20.84,1.97
ORR Gachibowli Gate - market road,1,3,1,6,97,2,2,22148,112,78.340487,17.431106,5.06,2.21
Bandlaguda - flyover approach,2,3,1,15,142,8,2,6236,173,78.492233,17.338517,27.74,0.62
Balanagar - flyover underpass,1,7,1,26,105,25,19,8278,184,78.453423,17.466684,22.23,0.83
Kondapur - public toilet area,1,6,1,29,78,6,6,26593,127,78.356875,17.456062,4.78,2.66
Alwal - market road,2,0,0,25,84,5,16,12390,132,78.506444,17.507595,10.65,1.24
Erragadda - metro station exit,1,0,0,10,135,16,18,9828,180,78.432344,17.451325,18.32,0.98
Kompally - auto stand,1,5,0,9,129,24,22,24862,190,78.475456,17.527464,7.64,2.49
Patancheru - parking lot,2,3,1,34,76,19,11,18037,146,78.272063,17.52201,8.09,1.8
Rajendranagar - parking lot,2,2,0,33,46,13,11,25991,107,78.444793,17.302499,4.12,2.6
Financial District - railway station outside,0,6,1,25,317,18,30,7040,397,78.342087,17.434967,56.39,0.7
Raidurg - parking lot,3,3,1,40,98,13,30,13044,188,78.376656,17.421561,14.41,1.3
Ameerpet - public toilet area,0,3,1,43,107,11,21,6840,186,78.449773,17.430595,27.19,0.68
Meerpet - metro station exit,1,3,0,19,160,2,4,24798,189,78.523332,17.336349,7.62,2.48
MJ Market - auto stand,3,2,0,10,114,8,26,20037,163,78.475942,17.385333,8.13,2.0
GVK One Back Lane - parking lot,3,4,0,29,197,6,29,21034,268,78.446142,17.420679,12.74,2.1
Isnapur - parking lot,2,6,1,22,94,20,30,23606,175,78.232003,17.549031,7.41,2.36
Erragadda - auto stand,1,2,1,15,124,24,21,19437,188,78.433826,17.456265,9.67,1.94
Begumpet - market road,0,3,1,19,150,3,20,8742,196,78.468143,17.447832,22.42,0.87
Kokapet - bus stop corner,1,2,0,24,107,5,10,21561,149,78.328866,17.394768,6.91,2.16
ORR Patancheru - metro station exit,1,1,0,29,100,2,10,23142,143,78.295605,17.510062,6.18,2.31
ORR Tukkuguda - night market road,0,6,0,14,38,9,6,20904,73,78.49881,17.26339,3.49,2.09
Shamshabad - bus stop corner,0,1,0,10,124,10,2,27354,147,78.387134,17.26394,5.37,2.74
Manikonda - public toilet area,2,6,0,33,34,20,4,16467,99,78.385459,17.410757,6.01,1.65
Sangareddy - flyover underpass,2,5,2,6,179,17,9,21287,220,78.082251,17.623729,10.33,2.13
Lotus Pond - railway station outside,3,7,0,30,213,30,33,18065,316,78.40938,17.414386,17.49,1.81
Isnapur - market road,0,3,0,13,70,11,20,26294,117,78.226759,17.54887,4.45,2.63
GVK One Back Lane - dead end,0,0,0,14,60,6,2,17929,82,78.448474,17.41698,4.57,1.79
Shamshabad - flyover approach,0,4,0,7,69,16,8,6888,104,78.389029,17.261643,15.1,0.69
Ameerpet - old city backroad,5,5,0,60,104,20,32,24296,226,78.449121,17.434306,9.3,2.43
Kompally - flyover approach,2,1,1,14,107,6,16,9370,147,78.477044,17.528421,15.69,0.94
Narsingi - garbage dump,3,4,0,27,177,9,11,6454,231,78.349541,17.389965,35.79,0.65
Alwal - market road,2,1,0,18,37,14,18,10222,90,78.512376,17.501796,8.8,1.02
Nagole - parking lot,2,6,0,45,107,9,19,24887,188,78.559872,17.382748,7.55,2.49
Begumpet - auto stand,3,5,0,38,72,18,12,9597,148,78.464695,17.445241,15.42,0.96
SR Nagar - bus stop corner,1,0,0,13,99,12,14,9225,139,78.441922,17.440932,15.07,0.92
Bandlaguda - market road,2,1,0,23,21,12,9,12414,68,78.485852,17.342891,5.48,1.24
Paradise Circle - freight yard lane,0,9,3,47,270,11,5,8231,345,78.482947,17.441895,41.91,0.82
Raidurg - bus stop corner,1,4,1,12,27,9,12,10958,66,78.381603,17.421654,6.02,1.1
Aramghar - flyover underpass,2,6,1,40,164,26,18,14829,257,78.437172,17.327954,17.33,1.48
Koti - night market road,3,0,1,29,76,7,27,26021,143,78.478675,17.390533,5.5,2.6
Trimulgherry - back lane,0,2,0,15,41,3,9,10247,70,78.511422,17.482919,6.83,1.02
Patancheru - auto stand,3,6,1,15,67,7,18,5319,117,78.261181,17.526337,22.0,0.53
Narsingi - auto stand,2,3,0,45,114,22,13,26737,199,78.346496,17.387485,7.44,2.67
Borabanda - garbage dump,2,6,0,32,208,18,23,10972,289,78.401805,17.445912,26.34,1.1
ORR Kompally - flyover approach,0,1,1,4,141,11,3,22961,161,78.449,17.54897,7.01,2.3
Kukatpally - narrow gully,3,3,0,39,173,21,38,20469,277,78.400299,17.480582,13.53,2.05
Trimulgherry - dead end,1,1,0,8,67,6,2,14839,85,78.505256,17.484537,5.73,1.48
Boduppal - auto stand,2,3,1,14,144,4,11,19409,179,78.571456,17.430757,9.22,1.94
Boduppal - metro station exit,1,0,1,4,95,15,17,11542,133,78.56519,17.421703,11.52,1.15
Nagole - metro station exit,0,3,1,5,81,9,4,22310,103,78.553275,17.381597,4.62,2.23
Ghatkesar - night market road,1,0,1,14,72,9,28,11315,125,78.699153,17.445871,11.05,1.13
Tukkuguda - isolated alley,1,2,1,13,66,3,10,17443,96,78.543694,17.211254,5.5,1.74
Jeedimetla - service road junction,1,0,0,9,65,2,3,5778,80,78.462474,17.51683,13.85,0.58
LB Nagar - night market road,3,1,1,18,136,13,11,7552,183,78.539336,17.359381,24.23,0.76
Secunderabad - fish market alley,4,8,1,53,136,13,22,14867,237,78.500085,17.430269,15.94,1.49
Alwal - isolated alley,0,2,1,4,75,5,1,17503,88,78.509876,17.501173,5.03,1.75
Ameerpet - auto stand,3,3,1,39,194,23,22,15590,285,78.449936,17.438484,18.28,1.56
Kokapet - back lane,0,1,0,11,41,2,6,23346,61,78.328823,17.395105,2.61,2.33
Gachibowli - isolated alley,0,0,1,8,71,4,7,6921,91,78.361727,17.44432,13.15,0.69
Balanagar - bus terminus,0,8,2,13,103,5,4,23766,135,78.446407,17.469486,5.68,2.38
Bachupally - flyover approach,1,4,0,15,54,6,17,12618,97,78.391502,17.533611,7.69,1.26
Madhapur - flyover underpass,4,2,2,50,165,9,33,17433,265,78.390422,17.458368,15.2,1.74
ORR Tukkuguda - bus stop corner,2,3,0,21,92,7,15,26001,140,78.497677,17.260964,5.38,2.6
Abids - public toilet area,2,3,1,37,235,24,29,12156,331,78.478786,17.392945,27.23,1.22
Afzal Gunj Bridge - freight yard lane,0,8,1,24,137,26,41,6349,237,78.475483,17.378339,37.33,0.63
Dilsukhnagar - parking lot,1,1,0,29,36,10,20,16351,97,78.536119,17.366603,5.93,1.64
Rathifile - bridge underpass,1,6,0,40,385,13,49,9348,494,78.503714,17.435817,52.85,0.93
Siddipet Town - back lane,0,0,1,15,60,3,2,28917,81,78.861502,18.097002,2.8,2.89
Mehdipatnam - bus terminus,2,8,1,33,90,29,34,29957,197,78.430287,17.39523,6.58,3.0
Rathifile - flyover underpass,3,4,1,59,84,18,11,12764,180,78.503132,17.433535,14.1,1.28
Aramghar - bridge underpass,0,6,3,53,332,35,8,25864,437,78.434347,17.324606,16.9,2.59
Hayathnagar - market road,2,1,0,12,65,16,12,6951,108,78.586108,17.332582,15.54,0.7
ORR Ghatkesar - service road junction,1,2,0,15,50,8,10,22418,86,78.68395,17.428838,3.84,2.24
Vanasthalipuram - metro station exit,2,2,0,13,121,11,5,16028,154,78.564235,17.349725,9.61,1.6
ORR Ghatkesar - metro station exit,1,4,0,10,63,2,11,11576,91,78.681801,17.421878,7.86,1.16
Banjara Hills - flyover approach,2,0,1,4,100,6,12,8798,125,78.436594,17.42382,14.21,0.88
MJ Market - bus stop corner,2,0,0,15,65,16,3,18008,101,78.473441,17.38576,5.61,1.8
Shadnagar - auto stand,3,4,1,34,236,8,22,12625,308,78.18938,17.077291,24.4,1.26
Nampally - narrow gully,4,1,0,10,241,15,25,23279,296,78.461893,17.391453,12.72,2.33
Begumpet - market road,1,3,0,28,96,16,20,7777,164,78.465936,17.449422,21.09,0.78
Financial District - night market road,1,5,1,17,236,9,7,5800,276,78.33696,17.429558,47.59,0.58
Biodiversity Park - metro station exit,1,2,1,2,43,5,20,24238,74,78.373126,17.431814,3.05,2.42
Kompally - parking lot,2,6,1,38,191,9,9,11871,256,78.477261,17.539214,21.57,1.19
Tukkuguda - auto stand,3,3,0,29,142,4,5,13572,186,78.546004,17.214584,13.7,1.36
KBR Park - service road junction,0,1,0,10,51,1,3,13695,66,78.414778,17.420233,4.82,1.37
Jubilee Hills - market road,0,1,1,9,125,2,12,29402,150,78.402035,17.428017,5.1,2.94
Isnapur - isolated alley,0,1,1,14,22,8,6,13512,52,78.230852,17.545263,3.85,1.35
Erragadda - narrow gully,4,6,0,53,187,11,23,8992,284,78.437013,17.447595,31.58,0.9
Koti - auto stand,0,3,1,17,168,9,27,6849,225,78.4749,17.391599,32.85,0.68
Ameerpet - slum entrance,0,0,1,57,186,6,9,25152,259,78.44648,17.434429,10.3,2.52
Lotus Pond - market road,2,2,0,26,91,11,9,19061,141,78.412624,17.418994,7.4,1.91
Aramghar - slum entrance,2,1,2,6,157,10,40,20581,218,78.437579,17.329564,10.59,2.06
Madhapur - bus stop corner,2,3,1,10,59,5,12,8349,92,78.38409,17.443645,11.02,0.83
Kukatpally - auto stand,2,3,1,31,121,12,18,23077,188,78.392932,17.484607,8.15,2.31
SR Nagar - flyover approach,2,2,0,23,154,3,15,21662,199,78.439308,17.438474,9.19,2.17
Bachupally - auto stand,2,3,1,9,69,16,23,24181,123,78.393057,17.538052,5.09,2.42
Hitech City - isolated alley,1,1,0,2,56,5,4,6898,69,78.37805,17.446057,10.0,0.69
Aramghar - bridge underpass,4,5,0,17,273,19,9,16160,327,78.433023,17.33261,20.24,1.62
Banjara Hills - service road junction,1,2,0,15,46,8,8,8978,80,78.435127,17.415657,8.91,0.9
ORR Nanakramguda - back lane,1,1,1,12,14,6,2,29594,37,78.354974,17.41319,1.25,2.96
Koti - bus terminus,3,7,1,28,81,25,38,9357,183,78.482935,17.389647,19.56,0.94
SR Nagar - parking lot,0,5,1,42,63,22,15,10054,148,78.444557,17.441271,14.72,1.01
Hayathnagar - flyover underpass,1,6,1,57,128,9,19,24415,221,78.576637,17.325203,9.05,2.44
Alwal - market road,2,4,0,26,69,6,16,10813,123,78.518391,17.498649,11.38,1.08
Kondapur - metro station exit,2,0,0,14,106,14,5,13147,141,78.354737,17.465502,10.72,1.31
Afzal Gunj Bridge - fish market alley,2,5,2,56,116,28,37,23404,246,78.474903,17.375109,10.51,2.34
Chandanagar - auto stand,2,3,1,36,167,3,25,13629,237,78.333477,17.482073,17.39,1.36
Shamshabad - bus stop corner,2,0,0,10,98,13,10,18887,133,78.401099,17.263188,7.04,1.89
Shadnagar - metro station exit,0,4,0,17,93,8,12,13508,134,78.198056,17.08017,9.92,1.35
Chandanagar - auto stand,3,5,0,18,218,10,30,13696,284,78.33198,17.492471,20.74,1.37
Raidurg - auto stand,3,5,1,31,232,3,5,14641,280,78.381459,17.425125,19.12,1.46
Gachibowli - market road,1,2,1,24,144,4,8,14722,184,78.348915,17.440125,12.5,1.47
Charminar - red light area,2,7,3,26,277,27,33,6387,375,78.474388,17.36225,58.71,0.64
Isnapur - service road junction,1,1,1,14,19,2,3,16259,41,78.226843,17.542263,2.52,1.63
SR Nagar - metro station exit,2,1,0,9,132,9,18,22129,171,78.446941,17.441054,7.73,2.21
ORR Rajiv Gandhi Int - service road junction,0,0,1,6,11,3,5,24159,26,78.400623,17.324316,1.08,2.42
Patancheru - garbage dump,0,0,0,27,178,6,13,16848,224,78.270333,17.523612,13.3,1.68
Punjagutta Flyover - parking lot,1,3,1,32,117,8,14,15211,176,78.448702,17.421255,11.57,1.52
Kompally - isolated alley,1,1,0,8,10,1,9,19182,30,78.46663,17.541709,1.56,1.92
Rajendranagar - garbage dump,1,3,1,36,189,15,21,8352,266,78.441292,17.296379,31.85,0.84
MJ Market - bus terminus,0,0,1,40,94,14,22,19888,171,78.473698,17.384685,8.6,1.99
Attapur - public toilet area,3,1,1,13,65,20,18,11030,121,78.437281,17.360154,10.97,1.1
SR Nagar - flyover approach,1,2,0,27,105,3,12,8096,150,78.44243,17.440339,18.53,0.81
Uppal - bus terminus,1,6,2,9,88,4,17,20624,127,78.553841,17.397229,6.16,2.06
Patancheru - flyover approach,1,4,0,18,108,8,7,19981,146,78.262359,17.532673,7.31,2.0
LB Nagar - night market road,2,6,1,20,164,5,11,28341,209,78.548206,17.346437,7.37,2.83
Kondapur - dead end,0,1,1,4,19,8,9,8208,42,78.359934,17.46841,5.12,0.82
Bandlaguda - metro station exit,2,3,1,15,33,15,6,9501,75,78.491482,17.343824,7.89,0.95
Adibatla - back lane,0,2,0,11,23,1,1,27601,38,78.52741,17.223614,1.38,2.76
Borabanda - parking lot,2,1,1,14,200,24,5,22153,247,78.401639,17.446199,11.15,2.22
Kokapet - metro station exit,2,4,1,23,46,16,6,13666,98,78.326097,17.387667,7.17,1.37
Road No 36 - slum entrance,2,0,2,59,65,23,35,14378,186,78.403765,17.425228,12.94,1.44
Nampally - freight yard lane,3,9,2,65,58,28,26,27079,191,78.46436,17.389569,7.05,2.71
Punjagutta Flyover - auto stand,2,2,1,10,31,18,26,19111,90,78.450627,17.426579,4.71,1.91
Medchal - garbage dump,3,4,0,36,57,17,17,6389,134,78.476217,17.623341,20.97,0.64
Hitech City - garbage dump,3,4,1,26,86,7,19,21171,146,78.380632,17.447629,6.9,2.12
Trimulgherry - public toilet area,3,0,0,16,101,5,21,8334,146,78.505428,17.480566,17.52,0.83
Vanasthalipuram - parking lot,1,1,1,7,234,4,12,5657,260,78.558124,17.348739,45.96,0.57
Begum Bazar - bus terminus,1,4,0,22,80,15,32,26494,154,78.468087,17.376162,5.81,2.65
Mehdipatnam - parking lot,1,5,1,38,156,4,14,26080,219,78.43649,17.396663,8.4,2.61
SR Nagar - service road junction,1,1,0,4,27,3,2,14692,38,78.442722,17.443545,2.59,1.47
Begumpet - slum entrance,3,7,1,14,82,22,5,29938,134,78.464535,17.447478,4.48,2.99
Punjagutta Flyover - narrow gully,3,6,1,17,302,7,26,19087,362,78.448505,17.430044,18.97,1.91
Begumpet - flyover underpass,2,0,1,12,139,30,28,23401,212,78.470436,17.453201,9.06,2.34
Madhapur - parking lot,2,6,0,32,167,6,15,7582,228,78.392373,17.448875,30.07,0.76
Uppal - red light area,1,4,0,51,178,10,28,26774,272,78.564285,17.398168,10.16,2.68
Road No 36 - auto stand,1,4,1,45,204,7,23,8183,285,78.405167,17.419977,34.83,0.82
Lotus Pond - night market road,2,4,1,25,56,21,19,11971,128,78.409584,17.419584,10.69,1.2
Nampally - flyover underpass,4,7,1,45,156,27,7,24120,247,78.469718,17.393508,10.24,2.41
Alwal - isolated alley,1,0,1,5,43,3,3,24136,56,78.513667,17.50193,2.32,2.41
Aramghar - old city backroad,2,0,2,62,301,19,27,23121,413,78.433444,17.327124,17.86,2.31
Rajendranagar - narrow gully,1,4,0,34,105,27,20,28762,191,78.43343,17.303747,6.64,2.88
JNTU - flyover approach,2,4,0,30,92,3,8,19719,139,78.393748,17.493641,7.05,1.97
ORR Patancheru - service road junction,0,2,1,9,53,3,9,24658,77,78.294435,17.508161,3.12,2.47
Road No 36 - metro station exit,1,2,1,22,128,13,10,19969,177,78.407483,17.419225,8.86,2.0
Attapur - garbage dump,3,0,0,12,34,11,20,24137,80,78.438522,17.35543,3.31,2.41
ORR Gachibowli Gate - back lane,0,0,1,5,39,4,5,19521,54,78.339564,17.431326,2.77,1.95
Mehdipatnam - fish market alley,3,0,3,58,335,38,13,17727,450,78.436115,17.396027,25.39,1.77
Biodiversity Park - service road junction,0,1,0,3,40,3,9,7459,56,78.381426,17.434737,7.51,0.75
Financial District - flyover underpass,3,6,2,40,139,26,28,21199,244,78.348295,17.43203,11.51,2.12
Kothaguda - dead end,1,1,1,14,64,5,10,25349,96,78.360826,17.45647,3.79,2.53
Attapur - auto stand,0,0,0,18,79,22,19,13271,138,78.429971,17.36093,10.4,1.33
Kompally - bus stop corner,0,0,1,8,137,15,8,28487,169,78.47174,17.527476,5.93,2.85
Patancheru - garbage dump,3,2,1,14,176,7,21,27479,224,78.255971,17.527605,8.15,2.75
Hitech City - garbage dump,1,5,1,28,194,17,7,13679,253,78.376812,17.443778,18.5,1.37
Chandanagar - flyover approach,2,0,1,5,86,3,14,25763,111,78.333406,17.47535,4.31,2.58
Madhapur - flyover approach,1,3,1,7,114,7,8,26960,141,78.400707,17.447443,5.23,2.7
Kothaguda - isolated alley,0,0,1,2,41,2,9,18637,55,78.366564,17.457403,2.95,1.86
Kothaguda - isolated alley,0,1,0,12,78,3,4,12090,98,78.363183,17.460633,8.11,1.21
Borabanda - old city backroad,0,1,3,73,58,37,41,12927,213,78.404529,17.448782,16.48,1.29
Banjara Hills - night market road,3,3,0,15,162,14,22,29787,219,78.446466,17.414583,7.35,2.98
Mehdipatnam - bridge underpass,3,5,0,73,147,8,22,17359,258,78.436082,17.39583,14.86,1.74
Begum Bazar - old city backroad,4,6,2,27,285,39,26,22900,389,78.469465,17.379694,16.99,2.29
Jeedimetla - isolated alley,0,0,1,9,19,4,5,18357,38,78.465109,17.518757,2.07,1.84
JNTU - metro station exit,2,2,0,6,67,4,13,24727,94,78.394339,17.490859,3.8,2.47
Road No 36 - public toilet area,0,4,1,11,53,12,13,29493,94,78.407391,17.419339,3.19,2.95
Bandlaguda - metro station exit,1,2,0,26,63,11,7,21042,110,78.493251,17.343811,5.23,2.1
Miyapur - metro station exit,2,3,1,21,153,6,3,10743,189,78.358757,17.497174,17.59,1.07
Kompally - public toilet area,2,6,1,3,163,6,3,17480,184,78.464347,17.533949,10.53,1.75
KBR Park - night market road,0,3,1,26,161,21,6,19811,218,78.418394,17.422096,11.0,1.98
Shadnagar - metro station exit,0,3,0,25,73,14,15,18567,130,78.197276,17.06877,7.0,1.86
Ibrahimpatnam - bus stop corner,0,1,0,26,33,8,11,15142,79,78.634937,17.262719,5.22,1.51
Hayathnagar - auto stand,1,5,0,27,230,14,18,22842,295,78.588528,17.329168,12.91,2.28
ORR Patancheru - market road,0,4,1,20,75,13,4,28710,117,78.295866,17.509281,4.08,2.87
MJ Market - bus stop corner,0,3,1,9,21,6,14,12717,54,78.472651,17.387093,4.25,1.27
Adibatla - isolated alley,0,0,0,4,12,3,2,17012,21,78.541754,17.230024,1.23,1.7
Abids - flyover underpass,3,2,2,30,273,22,7,23310,339,78.472137,17.392454,14.54,2.33
Jeedimetla - back lane,0,0,1,6,56,5,4,29663,72,78.463821,17.520438,2.43,2.97
Attapur - bus stop corner,0,1,1,13,35,11,17,26603,78,78.437952,17.364456,2.93,2.66
Alwal - back lane,0,1,1,3,17,5,4,29693,31,78.516691,17.506779,1.04,2.97
Miyapur - metro station exit,1,3,1,23,121,8,20,11563,177,78.356,17.496004,15.31,1.16
ORR Rajiv Gandhi Int - parking lot,1,0,0,31,105,11,20,17029,168,78.401063,17.323767,9.87,1.7
Raidurg - flyover approach,1,1,0,20,82,3,11,27421,118,78.381444,17.422316,4.3,2.74
Begum Bazar - railway station outside,3,8,2,34,71,26,12,21996,156,78.46689,17.37882,7.09,2.2
LB Nagar - bridge underpass,1,3,0,56,85,34,23,15180,202,78.546047,17.349299,13.31,1.52
ORR Rajiv Gandhi Int - isolated alley,1,2,0,6,21,4,3,21381,37,78.403797,17.327428,1.73,2.14
ORR Kompally - public toilet area,1,6,0,33,173,9,18,17953,240,78.449691,17.549227,13.37,1.8
LB Nagar - bus terminus,4,8,2,20,125,15,12,29568,186,78.5476,17.350116,6.29,2.96
MJ Market - railway station outside,1,0,0,30,209,26,34,8294,300,78.473515,17.385728,36.17,0.83
Bandlaguda - metro station exit,1,4,1,7,36,15,3,14771,67,78.490138,17.341673,4.54,1.48
Borabanda - garbage dump,0,2,0,45,190,6,27,24067,270,78.403588,17.44781,11.22,2.41
Bachupally - bus stop corner,0,3,0,27,66,11,18,13667,125,78.389003,17.534838,9.15,1.37
Koti - old city backroad,1,3,3,49,129,22,17,28757,224,78.477312,17.387156,7.79,2.88
Rathifile - red light area,4,8,1,46,199,23,41,13760,322,78.502377,17.434086,23.4,1.38
Siddipet Town - service road junction,1,0,0,13,50,7,7,14940,78,78.841004,18.099481,5.22,1.49
Madhapur - bus terminus,4,3,2,8,63,25,18,14482,123,78.383009,17.44542,8.49,1.45
Malakpet - old city backroad,1,1,2,20,71,34,8,10504,137,78.49646,17.375063,13.04,1.05
Financial District - auto stand,3,5,1,31,186,19,16,22952,261,78.341531,17.436114,11.37,2.3
Nampally - public toilet area,0,4,0,26,171,12,5,17659,218,78.465467,17.393771,12.34,1.77
Alwal - service road junction,0,0,1,10,16,5,8,23765,40,78.513029,17.501958,1.68,2.38
Charminar - bridge underpass,5,6,0,60,358,16,39,14626,484,78.469871,17.366917,33.09,1.46
Dilsukhnagar - public toilet area,0,4,0,30,199,7,10,14557,250,78.52639,17.369025,17.17,1.46
Borabanda - old city backroad,2,0,1,41,232,8,46,15876,330,78.404969,17.446679,20.79,1.59
Lad Bazar - night market road,2,5,1,7,170,20,12,14828,217,78.467634,17.362701,14.63,1.48
KBR Park - isolated alley,1,0,0,13,36,2,9,11788,61,78.415415,17.424159,5.17,1.18
GVK One Back Lane - garbage dump,1,5,0,43,240,17,25,14902,331,78.451647,17.418699,22.21,1.49
ORR Tukkuguda - dead end,0,1,0,6,63,6,1,25215,77,78.502781,17.264805,3.05,2.52
Malakpet - slum entrance,4,0,2,23,173,30,15,6018,247,78.499056,17.379115,41.04,0.6
Patancheru - bus terminus,1,4,1,43,215,15,15,21343,294,78.258335,17.522716,13.78,2.13
Abids - bridge underpass,4,7,2,14,338,12,8,22945,385,78.478965,17.38711,16.78,2.29
Borabanda - freight yard lane,4,8,0,54,290,7,45,17677,408,78.402421,17.447932,23.08,1.77
Kukatpally - market road,0,4,0,10,39,13,4,5610,70,78.402062,17.493011,12.48,0.56
Secunderabad - freight yard lane,5,6,0,42,176,9,10,13780,248,78.503741,17.437791,18.0,1.38
Biodiversity Park - flyover approach,0,3,1,15,105,7,5,10269,136,78.37734,17.435855,13.24,1.03
Adibatla - back lane,0,0,0,11,21,2,10,26922,44,78.537863,17.229034,1.63,2.69
Biodiversity Park - market road,2,0,0,17,152,12,16,14114,199,78.381805,17.430582,14.1,1.41
Madhapur - auto stand,1,1,0,37,52,21,16,6041,128,78.391327,17.448092,21.19,0.6
Ghatkesar - garbage dump,2,4,1,3,231,22,21,22123,284,78.696281,17.444606,12.84,2.21
Malakpet - auto stand,3,2,0,40,180,11,29,7457,265,78.499426,17.368802,35.54,0.75
Biodiversity Park - flyover approach,1,0,0,11,92,13,16,7332,133,78.377227,17.434645,18.14,0.73
KBR Park - parking lot,2,3,1,9,233,6,30,26453,284,78.414115,17.418799,10.74,2.65
Financial District - public toilet area,2,6,0,43,100,19,18,25537,188,78.340419,17.430382,7.36,2.55
Kokapet - isolated alley,0,0,0,9,14,6,10,23105,39,78.327672,17.388045,1.69,2.31
Rajendranagar - bus terminus,1,2,2,52,163,32,7,24661,259,78.432639,17.304666,10.5,2.47
Shamshabad - service road junction,1,0,1,12,72,6,1,21884,93,78.387714,17.254397,4.25,2.19
Begumpet - market road,0,1,1,24,56,10,14,18704,106,78.467039,17.445608,5.67,1.87
Lad Bazar - auto stand,2,4,1,8,94,9,23,23049,141,78.471925,17.362108,6.12,2.3
MJ Market - market road,1,4,0,7,123,15,15,21884,165,78.471569,17.382902,7.54,2.19
Meerpet - narrow gully,1,7,1,27,67,30,18,19891,151,78.522472,17.335946,7.59,1.99
Isnapur - bus stop corner,0,0,0,25,80,12,10,29375,127,78.222567,17.540482,4.32,2.94
Manikonda - railway station outside,3,4,1,14,98,28,14,15192,162,78.393832,17.408297,10.66,1.52
Hayathnagar - parking lot,2,1,1,5,53,4,10,24715,76,78.58954,17.319507,3.08,2.47
Narsingi - bus stop corner,0,0,0,14,104,6,4,14146,128,78.348185,17.383711,9.05,1.41
ORR Gachibowli Gate - market road,1,4,0,24,145,14,17,14817,205,78.345525,17.428498,13.84,1.48
Charminar - old city backroad,2,10,0,14,393,30,28,21812,477,78.473508,17.353474,21.87,2.18
Jubilee Hills - service road junction,1,2,0,3,32,2,10,17535,50,78.406509,17.433803,2.85,1.75
ORR Ghatkesar - market road,0,4,1,27,35,12,10,17686,89,78.684094,17.426301,5.03,1.77
ORR Gachibowli Gate - isolated alley,0,2,1,14,51,8,8,22713,84,78.343586,17.431578,3.7,2.27
Kukatpally - slum entrance,2,0,0,52,289,11,8,13662,362,78.396672,17.486079,26.5,1.37
JNTU - market road,1,3,1,30,31,2,12,8382,80,78.39179,17.493226,9.54,0.84
Secunderabad - narrow gully,4,3,1,10,109,13,4,17966,144,78.50745,17.436555,8.02,1.8
ORR Patancheru - auto stand,0,0,1,25,69,7,11,17028,113,78.292436,17.509818,6.64,1.7
ORR Patancheru - garbage dump,2,3,1,28,30,4,12,24521,80,78.293379,17.509522,3.26,2.45
Raidurg - metro station exit,1,2,1,24,59,8,7,29045,102,78.377979,17.427344,3.51,2.9
Chandanagar - isolated alley,1,2,1,6,45,4,10,11374,69,78.326402,17.483261,6.07,1.14
Medchal - flyover approach,2,2,1,30,83,8,14,6370,140,78.485804,17.635714,21.98,0.64
Meerpet - public toilet area,1,6,0,3,194,8,19,20377,231,78.517056,17.335477,11.34,2.04
Narsingi - market road,2,3,1,14,95,10,6,11286,131,78.350246,17.382207,11.61,1.13
Rajendranagar - market road,2,0,0,13,77,13,11,18778,116,78.436956,17.2943,6.18,1.88
Rajendranagar - metro station exit,2,3,1,10,127,8,14,29141,165,78.431153,17.303958,5.66,2.91
Jubilee Hills - night market road,0,1,1,17,221,5,16,8225,261,78.405997,17.421848,31.73,0.82
Shadnagar - railway station outside,0,3,2,22,170,29,8,15085,234,78.203627,17.080066,15.51,1.51
ORR Nanakramguda - isolated alley,1,0,0,15,42,7,1,8996,66,78.354241,17.413024,7.34,0.9
Nagole - flyover approach,2,3,0,22,157,10,6,14092,200,78.558541,17.388252,14.19,1.41
Nampally - old city backroad,2,8,0,18,270,13,21,28838,332,78.470788,17.392714,11.51,2.88
ORR Nanakramguda - dead end,1,2,1,4,51,1,3,6626,63,78.354325,17.413476,9.51,0.66
Attapur - slum entrance,0,0,2,50,180,21,22,5561,275,78.434952,17.361004,49.45,0.56
Attapur - flyover underpass,4,0,0,56,64,28,4,18513,156,78.438387,17.359051,8.43,1.85
Balanagar - garbage dump,3,3,1,42,198,12,25,24142,284,78.447862,17.464614,11.76,2.41
Adibatla - service road junction,1,2,1,5,30,1,9,21264,49,78.530856,17.23656,2.3,2.13
KBR Park - back lane,0,2,0,5,28,3,9,13213,47,78.410837,17.41853,3.56,1.32
Afzal Gunj Bridge - flyover underpass,3,8,1,19,150,22,26,6594,229,78.474332,17.375013,34.73,0.66
Miyapur - market road,0,0,0,21,63,12,3,16787,99,78.352227,17.491422,5.9,1.68
ORR Kompally - parking lot,1,1,0,20,228,16,13,27437,279,78.449491,17.548278,10.17,2.74
Trimulgherry - dead end,0,1,1,15,20,2,3,16414,42,78.504014,17.481493,2.56,1.64
Banjara Hills - dead end,1,2,1,7,71,8,4,19967,94,78.439559,17.415981,4.71,2.0
Shadnagar - parking lot,0,2,1,11,61,11,13,22270,99,78.207092,17.073677,4.45,2.23
Punjagutta Flyover - fish market alley,4,8,2,14,253,7,32,5614,320,78.449925,17.428335,57.0,0.56
Boduppal - parking lot,2,5,1,22,90,6,4,17874,130,78.567718,17.432663,7.27,1.79
Punjagutta Flyover - old city backroad,4,10,2,10,162,30,43,6795,261,78.451812,17.428853,38.41,0.68
Ibrahimpatnam - dead end,0,0,1,8,62,8,2,24700,81,78.643011,17.254139,3.28,2.47
Hayathnagar - narrow gully,2,6,1,15,53,14,18,5960,109,78.58573,17.323353,18.29,0.6
Sangareddy - auto stand,2,1,0,26,230,4,27,11622,290,78.090596,17.622495,24.95,1.16
Miyapur - parking lot,2,4,1,28,223,9,16,23091,283,78.355736,17.507551,12.26,2.31
Uppal - parking lot,1,3,1,16,190,7,16,25187,234,78.55647,17.404105,9.29,2.52
Charminar - old city backroad,5,7,3,48,145,36,49,21302,293,78.473653,17.368725,13.75,2.13
Siddipet Town - parking lot,1,4,0,17,205,3,14,7604,244,78.861305,18.103265,32.09,0.76
Shamshabad - service road junction,1,1,1,9,60,2,1,12927,75,78.38882,17.268668,5.8,1.29
LB Nagar - bridge underpass,1,8,0,10,56,20,7,20458,102,78.549265,17.338045,4.99,2.05
Chandanagar - parking lot,2,5,1,27,174,18,27,12971,254,78.335814,17.475853,19.58,1.3
ORR Kompally - public toilet area,3,2,1,15,112,14,22,26476,169,78.450359,17.548815,6.38,2.65
JNTU - garbage dump,1,3,1,26,180,23,29,7550,263,78.390923,17.4894,34.83,0.76
ORR Rajiv Gandhi Int - garbage dump,3,5,0,4,206,15,14,28737,247,78.40168,17.329396,8.6,2.87
Koti - old city backroad,4,0,1,31,84,11,43,6100,174,78.47892,17.389998,28.52,0.61
Manikonda - flyover approach,0,0,1,14,103,5,16,15710,139,78.395307,17.404981,8.85,1.57
Rathifile - red light area,5,9,3,26,365,13,18,11781,439,78.502329,17.439718,37.26,1.18
Kothaguda - parking lot,2,0,0,21,88,14,8,14904,133,78.365157,17.458012,8.92,1.49
Malakpet - night market road,1,6,1,41,40,9,29,15741,127,78.495316,17.376783,8.07,1.57
Vanasthalipuram - flyover approach,2,3,1,7,111,5,20,10745,149,78.558607,17.350165,13.87,1.07
Nampally - parking lot,3,4,0,5,39,7,25,15913,83,78.472446,17.389564,5.22,1.59
Balanagar - public toilet area,1,4,0,11,221,15,28,22882,280,78.442556,17.469022,12.24,2.29
Erragadda - metro station exit,1,0,1,27,57,4,3,14400,93,78.434556,17.451386,6.46,1.44
Siddipet Town - parking lot,3,5,1,14,129,18,18,9506,188,78.850559,18.09804,19.78,0.95
Secunderabad - public toilet area,2,3,1,33,230,5,14,13247,288,78.498072,17.441859,21.74,1.32
Trimulgherry - parking lot,1,3,1,28,148,24,21,27624,226,78.506298,17.485175,8.18,2.76
Nampally - parking lot,1,2,1,13,130,22,26,14805,195,78.468645,17.38807,13.17,1.48
Raidurg - night market road,2,4,1,45,124,5,19,26218,200,78.380595,17.421685,7.63,2.62
Paradise Circle - old city backroad,4,0,2,73,354,10,11,13134,454,78.479029,17.443293,34.57,1.31
Kokapet - bus stop corner,0,1,0,30,125,2,7,29135,165,78.33128,17.391077,5.66,2.91
Ibrahimpatnam - parking lot,2,2,0,6,57,16,8,10286,91,78.640179,17.258231,8.85,1.03
Trimulgherry - bus stop corner,1,1,0,22,130,8,2,29162,164,78.505003,17.484184,5.62,2.92
Secunderabad - fish market alley,5,6,2,51,104,10,5,15101,183,78.503745,17.447828,12.12,1.51
Lad Bazar - narrow gully,1,2,1,36,68,30,11,21977,149,78.470925,17.361437,6.78,2.2
Kukatpally - auto stand,2,1,1,35,160,5,15,16923,219,78.39416,17.485847,12.94,1.69
Afzal Gunj Bridge - narrow gully,2,3,2,30,55,19,38,14491,149,78.47607,17.374863,10.28,1.45
Rajendranagar - railway station outside,2,3,2,38,283,25,26,21623,379,78.441467,17.303685,17.53,2.16
ORR Tukkuguda - back lane,0,0,0,2,39,7,4,11328,52,78.498982,17.263182,4.59,1.13
Road No 36 - public toilet area,0,1,1,39,121,21,12,27913,195,78.405506,17.420259,6.99,2.79
ORR Kompally - metro station exit,0,4,0,22,117,2,11,22182,156,78.447875,17.552006,7.03,2.22
Begum Bazar - railway station outside,3,5,1,26,180,13,11,23791,239,78.473955,17.376092,10.05,2.38
Ameerpet - freight yard lane,5,0,3,29,214,35,37,9943,323,78.444499,17.432456,32.49,0.99
ORR Tukkuguda - public toilet area,3,4,1,6,123,10,22,28522,169,78.499051,17.263134,5.93,2.85
Biodiversity Park - back lane,1,0,1,12,48,7,5,21399,74,78.376743,17.432954,3.46,2.14
Lotus Pond - bus terminus,1,8,0,41,208,25,11,18461,294,78.411762,17.41744,15.93,1.85
Lotus Pond - garbage dump,0,1,0,39,198,15,5,9648,258,78.410992,17.415869,26.74,0.96
Paradise Circle - bus terminus,0,3,2,38,132,25,39,5881,239,78.480859,17.4466,40.64,0.59
ORR Nanakramguda - back lane,1,0,1,12,11,4,2,9937,31,78.354098,17.413081,3.12,0.99
Balanagar - garbage dump,0,2,1,41,52,12,27,19341,135,78.44799,17.46359,6.98,1.93
Tukkuguda - parking lot,1,5,1,36,163,22,6,19183,234,78.544937,17.219908,12.2,1.92
Shamshabad - metro station exit,0,1,1,25,133,14,12,13828,186,78.384544,17.273065,13.45,1.38
Adibatla - market road,1,1,1,30,145,7,8,10402,193,78.535841,17.23204,18.55,1.04
Charminar - railway station outside,4,7,0,12,74,11,27,16866,135,78.476631,17.355792,8.0,1.69
Secunderabad - auto stand,0,1,1,31,172,20,19,18370,244,78.488626,17.443401,13.28,1.84
Manikonda - flyover underpass,4,6,1,4,220,13,28,18730,276,78.390614,17.407647,14.74,1.87
Paradise Circle - railway station outside,3,5,1,51,291,22,19,15678,392,78.485027,17.443147,25.0,1.57
Tukkuguda - night market road,0,2,0,32,105,11,17,6641,167,78.536452,17.220317,25.15,0.66
JNTU - flyover approach,1,0,1,23,142,9,8,24359,184,78.391826,17.492165,7.55,2.44
Bachupally - auto stand,0,6,1,36,137,14,30,6423,224,78.393015,17.536993,34.87,0.64
Financial District - bus terminus,1,4,1,24,316,6,12,9942,364,78.341714,17.433163,36.61,0.99
Kothaguda - flyover approach,1,2,0,3,84,15,17,8738,122,78.368183,17.457033,13.96,0.87
Dilsukhnagar - garbage dump,0,0,0,36,135,14,17,29507,202,78.5164,17.373517,6.85,2.95
Paradise Circle - slum entrance,2,6,2,42,109,13,24,24766,198,78.482344,17.446415,7.99,2.48
Jeedimetla - market road,0,3,0,19,21,12,4,29771,59,78.46367,17.521673,1.98,2.98
Jeedimetla - night market road,0,5,1,31,91,23,22,25353,173,78.46485,17.515105,6.82,2.54
Narsingi - auto stand,2,3,0,22,103,9,16,24004,155,78.339065,17.39156,6.46,2.4
Nagole - isolated alley,0,0,1,6,64,6,3,13119,80,78.556993,17.37486,6.1,1.31
Bachupally - metro station exit,0,3,1,6,47,2,8,22128,67,78.396663,17.544443,3.03,2.21
Bandlaguda - parking lot,2,3,0,33,43,23,21,24015,125,78.491566,17.34168,5.21,2.4
Jeedimetla - metro station exit,1,1,1,18,41,3,7,22628,72,78.463435,17.517588,3.18,2.26
Meerpet - flyover approach,1,1,1,10,32,10,9,23038,64,78.521742,17.331974,2.78,2.3
GVK One Back Lane - isolated alley,1,1,0,2,40,3,7,19864,54,78.448251,17.417861,2.72,1.99
Bachupally - parking lot,3,2,0,3,211,3,21,22122,243,78.393765,17.537515,10.98,2.21
Afzal Gunj Bridge - slum entrance,2,7,0,48,70,9,32,18619,168,78.474974,17.373729,9.02,1.86
Siddipet Town - garbage dump,1,6,0,9,63,8,3,29983,90,78.841182,18.108423,3.0,3.0
Begum Bazar - freight yard lane,3,2,1,9,343,12,17,5620,387,78.466188,17.378347,68.86,0.56
Boduppal - market road,0,3,0,25,39,10,4,16073,81,78.568412,17.432787,5.04,1.61
Aramghar - flyover underpass,2,2,2,19,239,25,38,15870,327,78.439693,17.333573,20.6,1.59
Ibrahimpatnam - bus stop corner,0,1,0,2,84,2,16,21306,105,78.638924,17.24941,4.93,2.13
Adibatla - back lane,1,2,0,4,11,5,7,26681,30,78.534484,17.237993,1.12,2.67
Chandanagar - back lane,0,1,0,9,19,5,6,8834,40,78.329507,17.485021,4.53,0.88
Ghatkesar - isolated alley,1,2,1,9,70,4,8,14792,95,78.686156,17.445506,6.42,1.48
Hayathnagar - flyover approach,2,2,0,7,45,5,9,13733,70,78.591675,17.321873,5.1,1.37
Siddipet Town - service road junction,0,1,0,7,28,3,6,7222,45,78.850304,18.103267,6.23,0.72
Hayathnagar - parking lot,0,5,1,39,174,7,21,11168,247,78.581693,17.334262,22.12,1.12
Medchal - market road,1,1,1,11,33,13,18,9660,78,78.481082,17.631467,8.07,0.97
Road No 36 - railway station outside,1,7,2,20,275,12,4,20245,321,78.404208,17.420259,15.86,2.02
Abids - fish market alley,1,5,3,19,398,18,50,24108,494,78.479794,17.391165,20.49,2.41
Attapur - bus stop corner,1,1,1,20,82,9,19,26450,133,78.432355,17.359564,5.03,2.65
Financial District - flyover underpass,0,6,0,15,305,18,7,23265,351,78.340641,17.430627,15.09,2.33
Gachibowli - bus stop corner,1,0,0,13,92,4,16,22800,126,78.351481,17.44138,5.53,2.28
Abids - bus terminus,4,0,1,45,224,26,19,7035,319,78.476782,17.392632,45.34,0.7
Manikonda - flyover underpass,0,3,0,57,50,23,13,12816,146,78.3897,17.40461,11.39,1.28
ORR Ghatkesar - isolated alley,0,0,1,6,72,7,3,5602,89,78.685762,17.425471,15.89,0.56
Bandlaguda - slum entrance,1,5,2,15,81,19,25,25677,148,78.493467,17.343881,5.76,2.57
ORR Rajiv Gandhi Int - garbage dump,2,1,0,38,163,6,11,20768,221,78.403316,17.324761,10.64,2.08
Paradise Circle - fish market alley,3,4,0,57,394,36,13,25753,507,78.486387,17.442774,19.69,2.58
Kondapur - isolated alley,1,0,0,3,70,3,5,22290,82,78.358493,17.469003,3.68,2.23
Kothaguda - metro station exit,0,4,1,24,52,12,17,8361,110,78.369134,17.460342,13.16,0.84
Gachibowli - night market road,3,5,1,19,82,24,25,15295,159,78.349091,17.448132,10.4,1.53
Aramghar - red light area,4,9,0,27,211,6,18,24235,275,78.43573,17.335277,11.35,2.42
Nagole - market road,0,3,1,13,159,12,7,29993,195,78.560083,17.38193,6.5,3.0
Afzal Gunj Bridge - bus terminus,4,5,0,52,121,19,36,20296,237,78.47147,17.37756,11.68,2.03
ORR Nanakramguda - market road,1,4,1,15,68,15,4,10977,108,78.354374,17.409018,9.84,1.1
Vanasthalipuram - metro station exit,1,3,1,7,125,9,14,16509,160,78.558959,17.349972,9.69,1.65
Charminar - fish market alley,5,7,2,52,277,9,41,9511,393,78.470913,17.365031,41.32,0.95
Narsingi - parking lot,2,0,0,19,75,21,11,6253,128,78.343776,17.391193,20.47,0.63
Jubilee Hills - flyover approach,2,0,1,29,156,8,12,25538,208,78.397314,17.431896,8.14,2.55
Punjagutta Flyover - narrow gully,3,6,2,44,253,13,11,18272,332,78.448593,17.426605,18.17,1.83
Sangareddy - night market road,1,2,0,24,126,23,20,10438,196,78.08274,17.616071,18.78,1.04
Erragadda - flyover approach,1,4,0,30,40,2,10,12066,87,78.437957,17.449311,7.21,1.21
JNTU - bus stop corner,0,1,0,6,151,2,20,9812,180,78.395178,17.498096,18.34,0.98
Tukkuguda - market road,1,3,1,22,62,3,6,27812,98,78.547722,17.222365,3.52,2.78
ORR Patancheru - metro station exit,2,2,0,25,117,3,3,15957,152,78.294017,17.511939,9.53,1.6
Biodiversity Park - bus stop corner,1,0,0,22,58,16,10,9660,107,78.373566,17.427119,11.08,0.97
Nagole - isolated alley,0,0,1,4,15,1,7,21600,28,78.551252,17.383611,1.3,2.16
Shadnagar - slum entrance,3,0,2,12,286,8,33,22595,344,78.19823,17.082196,15.22,2.26
Tukkuguda - back lane,1,2,1,7,24,2,1,5316,38,78.546274,17.220924,7.15,0.53
Mehdipatnam - slum entrance,3,2,1,28,134,28,38,20516,234,78.432642,17.387768,11.41,2.05
GVK One Back Lane - garbage dump,0,3,1,15,61,17,5,26717,102,78.449814,17.418042,3.82,2.67
Kondapur - service road junction,1,1,1,8,76,8,2,13123,97,78.360852,17.461161,7.39,1.31
Lotus Pond - narrow gully,4,0,2,46,176,4,15,13954,247,78.413871,17.413572,17.7,1.4
LB Nagar - narrow gully,4,0,1,46,129,7,4,28196,191,78.552531,17.353027,6.77,2.82
Lad Bazar - slum entrance,1,4,2,35,142,7,12,7426,203,78.474078,17.363854,27.34,0.74
Borabanda - flyover underpass,2,3,0,54,142,32,6,15341,239,78.40215,17.447631,15.58,1.53
Nagole - service road junction,1,1,0,5,65,4,1,13011,77,78.560616,17.382357,5.92,1.3
Punjagutta Flyover - freight yard lane,0,0,1,25,366,8,48,7673,448,78.448255,17.422368,58.39,0.77
ORR Gachibowli Gate - service road junction,1,2,1,9,78,5,6,20782,102,78.346267,17.431017,4.91,2.08
Ghatkesar - service road junction,0,0,0,13,46,6,7,13655,72,78.6922,17.441006,5.27,1.37
LB Nagar - slum entrance,4,5,0,35,125,15,14,13359,198,78.555876,17.348676,14.82,1.34
Dilsukhnagar - slum entrance,2,6,0,38,223,28,17,19808,314,78.526385,17.369222,15.85,1.98
Abids - public toilet area,2,5,0,43,105,14,22,12236,191,78.476943,17.389083,15.61,1.22
Koti - parking lot,3,4,0,17,30,3,12,20171,69,78.477651,17.388398,3.42,2.02
Ghatkesar - bus stop corner,0,3,1,30,115,2,12,14930,163,78.691879,17.441672,10.92,1.49
Mehdipatnam - auto stand,1,3,0,24,107,3,9,11226,147,78.433494,17.389181,13.09,1.12
Boduppal - bus terminus,0,7,0,23,243,19,35,26660,327,78.573529,17.426067,12.27,2.67
